PROVIDER NAME,TOTAL_COST,UNIQUE_VISITS,UNIQUE_MEMBERS,TOTAL_CLAIMS,AVG_COST_PER_VISIT,RISK_SCORE
AAR HEALTHCARE  SOUTH C,164637.7,29,14,30,5677.162068965517,0.5729872881355932
AAR HEALTHCARE K LTD - ADAMS,22613.88,4,4,4,5653.47,0.373728813559322
AAR HEALTHCARE K LTD - BURU BURU,22566.95,4,3,4,5641.7375,0.3572033898305085
AAR HEALTHCARE K LTD - DONHOLM,20424.97,3,3,3,6808.323333333334,0.38421610169491527
AAR HEALTHCARE K LTD - EASTLEIGH,30942.2,4,3,4,7735.55,0.4260593220338983
AAR HEALTHCARE K LTD - ELDORET,139458.66999999998,18,8,18,7747.703888888888,0.5768008474576272
AAR HEALTHCARE K LTD - EMBAKASI,272758.07,38,21,39,7177.843947368421,0.6563559322033898
AAR HEALTHCARE K LTD - GEORGE WILLIAMSON HOUSE,185465.46,18,12,18,10303.636666666665,0.6778601694915254
AAR HEALTHCARE K LTD - GEORGE WILLIAMSON WELLNESS,20809.28,3,2,3,6936.426666666666,0.36641949152542375
AAR HEALTHCARE K LTD - GREEN HOUSE-ADAMS ARCADE,36977.17,6,4,6,6162.861666666667,0.4168432203389831
AAR HEALTHCARE K LTD - ICEA BUILDING,16125.060000000001,4,3,4,4031.2650000000003,0.28622881355932206
AAR HEALTHCARE K LTD - KAMAKIS RUIRU,22956.23,5,4,5,4591.246,0.34703389830508474
AAR HEALTHCARE K LTD - KAREN,231385.28,37,14,37,6253.656216216216,0.6058262711864407
AAR HEALTHCARE K LTD - KISUMU,96063.77,20,14,20,4803.1885,0.5129237288135593
AAR HEALTHCARE K LTD - KISUMU UNITED MALL,83873.23,14,8,14,5990.945,0.506885593220339
AAR HEALTHCARE K LTD - KITENGELA,168061.6,30,15,31,5602.053333333333,0.5757415254237288
AAR HEALTHCARE K LTD - LAVINGTON,46719.72,5,2,6,9343.944,0.48209745762711864
AAR HEALTHCARE K LTD - MOMBASA,636360.77,122,30,132,5216.071885245902,0.6458686440677966
AAR HEALTHCARE K LTD - MOUNTAIN MALL,232899.45,30,13,32,7763.3150000000005,0.6416313559322034
AAR HEALTHCARE K LTD - NAKURU,543727.51,56,22,56,9709.419821428572,0.749364406779661
AAR HEALTHCARE K LTD - NAKURU 2 SECTION 58,385104.55,91,21,93,4231.918131868132,0.5800847457627119
AAR HEALTHCARE K LTD - NGONG,277111.11,58,17,60,4777.777758620689,0.5773305084745763
AAR HEALTHCARE K LTD - RONGAI,33558.73,8,4,8,4194.84125,0.35858050847457623
AAR HEALTHCARE K LTD - ROYSAMBU,70564.17,13,6,13,5428.013076923076,0.4661016949152542
AAR HEALTHCARE K LTD - RUAKA,91905.71,11,4,13,8355.064545454547,0.5430084745762711
AAR HEALTHCARE K LTD - SARIT CENTRE CLINIC,146868.04,16,14,16,9179.2525,0.6460805084745763
AAR HEALTHCARE K LTD - THIKA,208291.29,40,15,41,5207.28225,0.573728813559322
AAR HEALTHCARE K LTD - UTAWALA,38226.23,11,6,11,3475.1118181818183,0.36239406779661015
AAR HEALTHCARE KENYA LTD - TATU CITY,13161.84,3,1,3,4387.28,0.2448093220338983
AAR HEALTHCARE LTD SYOKIMAU,207125.99,39,18,42,5310.92282051282,0.590042372881356
ACK MOUNT KENYA HOSPITAL,813264.0,87,31,88,9347.862068965518,0.7673728813559322
AGA KHAN HOSPITAL - KISUMU,8086704.3,110,61,154,73515.49363636364,0.9576271186440677
"AGA KHAN HOSPITAL - MOMBASAMTWAPA,NYALI,CHANGAMWE",8094284.48,93,31,129,87035.31698924732,0.9415254237288135
AGA KHAN KISUMU WEST END MALL,5962.5,3,3,3,1987.5,0.14692796610169492
AGA KHAN MEDICAL CENTER - BUSIA,1240145.16,147,52,243,8436.361632653061,0.7773305084745763
AGA KHAN MEDICAL CENTER - KAKAMEGA,376848.33,61,16,109,6177.841475409837,0.6478813559322034
AGA KHAN MEDICAL CENTER - KIBUYE,1312.5,1,1,1,1312.5,0.03781779661016949
AGA KHAN MEDICAL CENTER - KITALE,85665.24,10,4,22,8566.524000000001,0.5883474576271186
AGA KHAN MEDICAL CENTRE - BAMBURI MWISHO,15250.25,1,1,3,15250.25,0.5223516949152541
AGA KHAN MEDICAL CENTRE - BUNGOMA,312293.29,29,15,62,10768.734137931035,0.7665254237288136
AGA KHAN MEDICAL CENTRE - CHANGAMWE,20847.0,4,3,8,5211.75,0.38760593220338985
AGA KHAN MEDICAL CENTRE - HOMABAY,1503228.8900000001,97,58,141,15497.205051546392,0.9036016949152542
AGA KHAN MEDICAL CENTRE - KERICHO,200023.78,26,15,58,7693.222307692307,0.6683262711864407
AGA KHAN MEDICAL CENTRE - KILIFI,20701.5,4,1,6,5175.375,0.3159957627118644
AGA KHAN MEDICAL CENTRE - KISII,1253283.73,32,20,46,39165.1165625,0.878707627118644
AGA KHAN MEDICAL CENTRE - LIKONI,66465.6,9,5,16,7385.0666666666675,0.5350635593220339
AGA KHAN MEDICAL CENTRE - MARIAKANI,198637.5,44,20,85,4514.488636363636,0.5845338983050847
AGA KHAN MEDICAL CENTRE - MIKINDANI,30794.75,15,4,19,2052.983333333333,0.28697033898305085
AGA KHAN MEDICAL CENTRE - MTWAPA,7571.25,1,1,2,7571.25,0.33485169491525424
AGA KHAN MEDICAL CENTRE - MWATATE,198383.5,35,9,64,5668.1,0.5827330508474576
AGA KHAN MEDICAL CENTRE - NYALI,49974.85,6,4,11,8329.141666666666,0.5304025423728813
AGA KHAN MEDICAL CENTRE - VOI,314174.23,40,15,63,7854.35575,0.6795550847457628
AGA KHAN SATELITE- KIMILILI,138637.71,34,15,75,4077.5797058823528,0.5441737288135593
AGA KHAN UNIVERSITY HOSPITAL,1970251.8,10,9,12,197025.18,0.7783898305084745
"AGA KHAN UNIVERSITY HOSPITAL - PARKLANDS, NAIROBI",28450.0,1,1,1,28450.0,0.5028601694915255
AGC TENWEK CTC - BOMET,621943.41,22,8,23,28270.155000000002,0.7855932203389832
AIC KIJABE,1682153.0,55,27,56,30584.6,0.8915254237288136
AIC KIJABE HOSPITAL - WESTLANDS CLINIC,114782.0,23,7,23,4990.521739130435,0.49364406779661013
ATHI RIVER SHALOM COMMUNITY HOSPITAL,11260.0,2,1,2,5630.0,0.27023305084745763
BAMA MATERNITY AND NURSING HOME - SIAYA,611461.0,86,49,87,7110.011627906977,0.7052966101694915
BAUS OPTICAL -  CATHEDRAL MALL,23100.0,2,2,2,11550.0,0.4702330508474576
BAUS OPTICAL - 680 HOTEL,30000.0,2,2,2,15000.0,0.5221398305084746
BAUS OPTICAL - ELDORET,141111.19,12,12,12,11759.265833333333,0.6773305084745762
BAUS OPTICAL - FOURWAYS,15450.0,2,2,2,7725.0,0.3653601694915254
BAUS OPTICAL - HILTON,253799.25,24,24,24,10574.96875,0.7427966101694915
BAUS OPTICAL - HILTON EXECUTIVE CLINIC,185150.0,15,15,15,12343.333333333334,0.7167372881355932
BAUS OPTICAL - KISII,63500.0,7,7,7,9071.42857142857,0.5452330508474577
BAUS OPTICAL - KISUMU MEGA PLAZA,29025.0,3,3,3,9675.0,0.46896186440677967
BAUS OPTICAL - KITALE,39752.0,6,4,6,6625.333333333333,0.4390889830508475
BAUS OPTICAL - MACHAKOS,88125.0,8,8,9,11015.625,0.6233050847457627
BAUS OPTICAL - MERU,117450.0,12,12,12,9787.5,0.6365466101694914
BAUS OPTICAL - MOMBASA,91200.0,8,8,8,11400.0,0.6183262711864407
BAUS OPTICAL - MOUNTAIN VIEW MALL,9600.0,1,1,1,9600.0,0.3662076271186441
BAUS OPTICAL - NGONG ROAD,45000.0,3,3,3,15000.0,0.5643008474576271
BAUS OPTICAL - NYERI,20750.0,2,2,2,10375.0,0.4501059322033898
BAUS OPTICAL - ONGATA RONGAI,26250.0,2,2,2,13125.0,0.49777542372881356
BAUS OPTICAL - SHELL KAREN,13500.0,1,1,1,13500.0,0.44353813559322036
BAUS OPTICAL - SYOKIMAU,39000.0,3,3,3,13000.0,0.5367584745762711
BAUS OPTICAL - THIKA,77475.0,8,8,8,9684.375,0.58125
BAUS OPTICAL - TWIGA PLAZA,49175.0,4,4,4,12293.75,0.5559322033898305
BAUS OPTICAL CO. LTD - NAKURU,111000.0,12,12,14,9250.0,0.6301906779661017
BAUS OPTICAL LTD - NANYUKI,51000.0,5,5,5,10200.0,0.5432203389830508
BAUS OPTICAL- EMBAKASI,43100.0,3,3,4,14366.666666666666,0.5701271186440678
BAUS OPTICAL-KITENGELA,30000.0,2,2,2,15000.0,0.5221398305084746
BESTCARE HOSPITAL LIMITED,16098.75,6,3,6,2683.125,0.22658898305084743
BISHOP KIOKO CATHOLIC HOSPITAL,2771031.59,345,126,363,8031.975623188406,0.7779661016949152
BLOOM HOSPITAL - NAKURU,7461998.12,281,120,297,26555.153451957296,0.9504237288135593
BLUELIGHT HOSPITAL AND DIAGNOSITIC CENTER LTD,26395.0,3,3,3,8798.333333333334,0.44353813559322036
BRISTAL PARK HOSPITAL - MACHAKOS,2713994.75,138,34,144,19666.628623188404,0.908050847457627
BRISTOL PARK HOSPITAL - EMBAKASI,61899.25,17,4,21,3641.1323529411766,0.3938559322033898
BRISTOL PARK HOSPITAL - FEDHA,26782.75,6,6,6,4463.791666666667,0.37171610169491526
BRISTOL PARK HOSPITAL - KITENGELA,3577.0,1,1,1,3577.0,0.14798728813559323
BRISTOL PARK HOSPITAL- UTAWALA,77676.75,20,11,21,3883.8375,0.4582627118644068
CANCER CARE KENYA,801430.0,21,12,22,38163.333333333336,0.8156779661016949
CANCER CARE KENYA LIMITED,678787.0,9,6,9,75420.77777777778,0.7273305084745763
CARMEL MEDICAL CENTRE- WAJIR,362382.25,58,29,58,6247.9698275862065,0.6551906779661016
CENTRAL SERVER,1484257.0,2,2,2,742128.5,0.5888771186440678
CHARITY MEDICAL CENTRE,12112.5,5,2,5,2422.5,0.17711864406779662
CHERANGANY NURSING HOME,2750260.43,123,64,125,22359.840894308945,0.9208686440677967
CHERANGANY OPD CLINIC,3350.0,1,1,1,3350.0,0.13103813559322033
CHIROMO LANE MEDICAL CENTER - BUSTANI,196041.5,7,4,7,28005.928571428572,0.6664194915254237
CHIROMO LANE MEDICAL CENTER - NYALI,166428.0,1,1,1,166428.0,0.529343220338983
CHIROMO LANE MEDICAL CENTRE,258737.0,6,3,7,43122.833333333336,0.6657838983050848
CHOGORIA MISSION HOSPITAL,1033796.18,134,50,151,7714.896865671642,0.7398305084745762
CHOGORIA MISSION HOSPITAL- CHUKA,40877.95,15,9,15,2725.1966666666663,0.3538135593220339
CONSOLATA HOSPITAL-KYENI,11750.0,5,4,5,2350.0,0.20720338983050846
CONSOLATA HOSPITAL-MATHARI,1190041.23,92,44,94,12935.230760869565,0.8516949152542374
CONSOLATA HOSPITAL-NKUBU,1278689.0,141,61,141,9068.716312056738,0.7838983050847457
DAWIDA MATERNITY AND NURSING HOME,147593.0,51,24,51,2893.9803921568628,0.47976694915254237
DAWIDA MEDICAL CENTER - VOI,24923.0,7,5,7,3560.4285714285716,0.32552966101694913
DEFENCE FORCES MEMORIAL HOSPITAL,30441993.11,1773,764,1805,17169.764867456288,0.9427966101694916
DEFENCE FORCES WELLNESS CENTRE - LANGATA GARRISON,3193839.62,21,12,22,152087.60095238095,0.8326271186440677
DIANI BEACH HOSPITAL,1433488.48,30,19,30,47782.94933333333,0.8609110169491525
DIANI BEACH HOSPITAL - KOMBANI,2217.0,2,2,2,1108.5,0.09311440677966101
DIANI BEACH HOSPITAL - MTONGWE CLINIC,39311.75,16,10,16,2456.984375,0.34269067796610164
DIANI BEACH HOSPITAL -UKUNDA,19108.0,3,1,3,6369.333333333333,0.32637711864406777
DIANI BEACH HOSPITAL KWALE CLINIC,48612.0,11,7,11,4419.272727272727,0.41980932203389826
DIANI BEACH HOSPITAL LIKONI,313929.75,49,24,49,6406.7295918367345,0.6515889830508474
DIANI BEACH HOSPITAL- SHIKA ADABU,1605116.0,46,29,47,34893.82608695652,0.8901483050847459
DOCTORS CENTRE KITUI,417561.25,50,27,50,8351.225,0.7141949152542373
DR. FRANK MWONGERA - NAIROBI KIDNEY CENTRE,7000.0,1,1,1,7000.0,0.2899364406779661
EAGLE EYE LASER CENTRE - 5TH AVENUE,36825.0,4,3,4,9206.25,0.47266949152542376
EAGLE EYE LASER CENTRE- LAVINGTON RAMISI RD,497110.0,30,14,31,16570.333333333332,0.8060381355932204
ELDORET ELGONVIEW HOSPITAL,216141.25,15,9,15,14409.416666666666,0.7192796610169492
ELDORET REGIONAL HOSPITAL - MOI BARRACKS,6136259.23,813,370,868,7547.674329643297,0.7673728813559323
EMBU CHILDREN TOWN CLINIC,41301.8,9,9,9,4589.088888888889,0.42711864406779665
EMBU CHILDRENS HOSPITAL TENRI,30985.989999999998,8,5,9,3873.2487499999997,0.35847457627118645
EMBU CHILDRENS HOSPITAL- MAJIMBO,156355.23,13,11,13,12027.325384615386,0.6826271186440678
EQUITY AFIA  MEDICAL CENTRE - BUSIA,38518.0,11,4,11,3501.6363636363635,0.34290254237288137
EQUITY AFIA MEDICAL CENTER - BAMBURI,17429.0,7,5,7,2489.8571428571427,0.25137711864406775
EQUITY AFIA MEDICAL CENTER - GREATWALL GARDENS,16010.0,6,4,6,2668.3333333333335,0.2409957627118644
EQUITY AFIA MEDICAL CENTER - JOSKA,72601.0,14,5,15,5185.785714285715,0.45677966101694917
EQUITY AFIA MEDICAL CENTER - KISII,69278.0,33,23,33,2099.3333333333335,0.4108050847457627
EQUITY AFIA MEDICAL CENTER - KISUMU CBD,41270.0,15,7,15,2751.3333333333335,0.34067796610169493
EQUITY AFIA MEDICAL CENTER - KUTUS,5288.0,2,1,2,2644.0,0.11027542372881355
EQUITY AFIA MEDICAL CENTER - MAKONGENI,62191.0,25,14,26,2487.64,0.39523305084745763
EQUITY AFIA MEDICAL CENTER - UPPERHILL,750.0,1,1,1,750.0,0.03463983050847458
EQUITY AFIA MEDICAL CENTER- KAPENGURIA,56744.0,19,11,19,2986.5263157894738,0.40010593220338986
EQUITY AFIA MEDICAL CENTER- KAYOLE,29033.0,10,8,10,2903.3,0.33040254237288136
EQUITY AFIA MEDICAL CENTER- MATUU,206415.0,70,24,75,2948.785714285714,0.5018008474576271
EQUITY AFIA MEDICAL CENTER- THIKA,27242.0,8,6,8,3405.25,0.33463983050847457
EQUITY AFIA MEDICAL CENTER- UTAWALA,98669.0,21,17,23,4698.523809523809,0.5286016949152542
EQUITY AFIA MEDICAL CENTER-IMARA DAIMA,5511.0,2,2,2,2755.5,0.1503177966101695
EQUITY AFIA MEDICAL CENTRE -  KATANI,38925.0,12,5,12,3243.75,0.3400423728813559
EQUITY AFIA MEDICAL CENTRE - CHOKAA,19100.0,7,6,7,2728.5714285714284,0.2780720338983051
EQUITY AFIA MEDICAL CENTRE - CHUKA,15342.0,5,3,5,3068.4,0.25
EQUITY AFIA MEDICAL CENTRE - DONHOLM,62826.0,15,8,16,4188.4,0.44078389830508474
EQUITY AFIA MEDICAL CENTRE - ELDORET,181275.0,38,22,38,4770.394736842105,0.5681144067796611
EQUITY AFIA MEDICAL CENTRE - EMBAKASI VILLAGE,33203.0,9,8,9,3689.222222222222,0.3733050847457627
EQUITY AFIA MEDICAL CENTRE - EMBU,50199.0,13,10,13,3861.4615384615386,0.4186440677966101
EQUITY AFIA MEDICAL CENTRE - ITEN,67216.0,21,12,21,3200.7619047619046,0.42203389830508475
EQUITY AFIA MEDICAL CENTRE - KABARNET,27519.0,8,4,8,3439.875,0.3162076271186441
EQUITY AFIA MEDICAL CENTRE - KAMITI ROAD,3249.0,1,1,1,3249.0,0.12362288135593222
EQUITY AFIA MEDICAL CENTRE - KANGEMI,14395.0,7,3,7,2056.4285714285716,0.2039194915254237
EQUITY AFIA MEDICAL CENTRE - KAPSABET,400134.0,70,27,72,5716.2,0.6427966101694915
EQUITY AFIA MEDICAL CENTRE - KARATINA,104819.0,35,9,36,2994.8285714285716,0.42944915254237287
EQUITY AFIA MEDICAL CENTRE - KARIOBANGI,4310.0,1,1,1,4310.0,0.19036016949152543
EQUITY AFIA MEDICAL CENTRE - KENOL,47462.0,10,4,10,4746.2,0.39904661016949156
EQUITY AFIA MEDICAL CENTRE - KERICHO,27026.0,6,3,6,4504.333333333333,0.3367584745762712
EQUITY AFIA MEDICAL CENTRE - KIMBO,21626.0,4,2,4,5406.5,0.33093220338983054
EQUITY AFIA MEDICAL CENTRE - KIMENDE,14367.0,11,2,11,1306.090909090909,0.20158898305084746
EQUITY AFIA MEDICAL CENTRE - KIMUMU,3872.0,2,2,2,1936.0,0.10158898305084746
EQUITY AFIA MEDICAL CENTRE - KITALE,296433.0,94,38,101,3153.5425531914893,0.5338983050847457
EQUITY AFIA MEDICAL CENTRE - KITUI,178867.0,48,26,48,3726.3958333333335,0.5329449152542373
EQUITY AFIA MEDICAL CENTRE - LANGATA,45876.0,13,10,13,3528.923076923077,0.40275423728813553
EQUITY AFIA MEDICAL CENTRE - LAVINGTON,3053.0,1,1,1,3053.0,0.11620762711864407
EQUITY AFIA MEDICAL CENTRE - LIMURU,43878.0,15,9,15,2925.2,0.3697033898305085
EQUITY AFIA MEDICAL CENTRE - LODWAR CBD,5809.0,1,1,1,5809.0,0.24862288135593222
EQUITY AFIA MEDICAL CENTRE - MACHAKOS,32657.0,6,5,6,5442.833333333333,0.40540254237288137
EQUITY AFIA MEDICAL CENTRE - MARALAL,137615.0,49,28,51,2808.469387755102,0.4827330508474576
EQUITY AFIA MEDICAL CENTRE - MIGORI,149912.0,19,8,19,7890.105263157895,0.586970338983051
EQUITY AFIA MEDICAL CENTRE - MIRITINI,2006.0,1,1,1,2006.0,0.049470338983050845
EQUITY AFIA MEDICAL CENTRE - MLOLONGO,12714.0,4,3,4,3178.5,0.2375
EQUITY AFIA MEDICAL CENTRE - MOUNTAIN MALL,5709.0,2,2,2,2854.5,0.15667372881355932
EQUITY AFIA MEDICAL CENTRE - MPEKETONI,703.0,1,1,1,703.0,0.033580508474576276
EQUITY AFIA MEDICAL CENTRE - MTWAPA,11852.0,4,2,4,2963.0,0.2069915254237288
EQUITY AFIA MEDICAL CENTRE - MUSTARD SEED WATERS,11730.0,4,4,4,2932.5,0.2402542372881356
EQUITY AFIA MEDICAL CENTRE - MWINGI,145506.0,43,20,44,3383.860465116279,0.5004237288135593
EQUITY AFIA MEDICAL CENTRE - NAIROBI WEST,9684.0,2,2,2,4842.0,0.26896186440677966
EQUITY AFIA MEDICAL CENTRE - NAKURU SECTION 58,71471.0,27,20,28,2647.074074074074,0.4253177966101695
EQUITY AFIA MEDICAL CENTRE - NANYUKI,8438.0,4,3,4,2109.5,0.17076271186440678
EQUITY AFIA MEDICAL CENTRE - NAROK,48927.0,18,9,18,2718.1666666666665,0.3626059322033899
EQUITY AFIA MEDICAL CENTRE - NGONG ROAD,6001.0,3,3,3,2000.3333333333333,0.14798728813559323
EQUITY AFIA MEDICAL CENTRE - NKUBU,1418.0,1,1,1,1418.0,0.0388771186440678
EQUITY AFIA MEDICAL CENTRE - NYAHURURU,24601.0,6,5,6,4100.166666666667,0.34184322033898307
EQUITY AFIA MEDICAL CENTRE - NYAMIRA,19291.0,5,3,5,3858.2,0.2902542372881356
EQUITY AFIA MEDICAL CENTRE - OLKALOU,3285.0,2,1,2,1642.5,0.07213983050847457
EQUITY AFIA MEDICAL CENTRE - OLOITOKTOK,9900.0,3,1,3,3300.0,0.18125000000000002
EQUITY AFIA MEDICAL CENTRE - ROSSLYN RUAKA,62498.0,12,9,14,5208.166666666667,0.4844279661016949
EQUITY AFIA MEDICAL CENTRE - RUAI,258405.0,53,23,56,4875.566037735849,0.5925847457627119
EQUITY AFIA MEDICAL CENTRE - SIGNATURE MALL,25910.0,4,4,4,6477.5,0.411864406779661
EQUITY AFIA MEDICAL CENTRE - SOUTH B,21750.0,1,1,1,21750.0,0.48908898305084747
EQUITY AFIA MEDICAL CENTRE - TAVETA,84042.0,21,13,21,4002.0,0.4690677966101695
EQUITY AFIA MEDICAL CENTRE - UTAWALA KINKA,49664.0,15,10,15,3310.9333333333334,0.4
EQUITY AFIA MEDICAL CENTRE - VOI,30163.0,9,5,9,3351.4444444444443,0.3298728813559322
EQUITY AFIA MEDICAL CENTRE - WAJIR,5854.0,2,2,2,2927.0,0.16408898305084746
EQUITY AFIA MEDICAL CENTRE - WESTLANDS,375.0,1,1,1,375.0,0.03252118644067797
EQUITY AFIA MEDICAL CENTRE - WOTE,61319.0,22,9,23,2787.2272727272725,0.38813559322033897
EQUITY AFIA MEDICAL CENTRE- BIASHARA STREET,28717.0,7,3,7,4102.428571428572,0.32574152542372886
EQUITY AFIA MEDICAL CENTRE- BURUBURU,110423.0,28,14,30,3943.6785714285716,0.492478813559322
EQUITY AFIA MEDICAL CENTRE- CHANGAMWE,29580.0,7,5,7,4225.714285714285,0.36472457627118643
EQUITY AFIA MEDICAL CENTRE- EASTERN BYPASS,5423.0,2,2,2,2711.5,0.14396186440677966
EQUITY AFIA MEDICAL CENTRE- EMBAKASI,16134.0,6,4,6,2689.0,0.243114406779661
EQUITY AFIA MEDICAL CENTRE- GITHURAI 45,35815.0,13,11,13,2755.0,0.35529661016949154
EQUITY AFIA MEDICAL CENTRE- JUJA,55075.0,22,15,24,2503.409090909091,0.3974576271186441
EQUITY AFIA MEDICAL CENTRE- KAHAWA,25628.0,11,6,11,2329.818181818182,0.27976694915254235
EQUITY AFIA MEDICAL CENTRE- KAHAWA SUKARI,87258.0,37,26,37,2358.324324324324,0.4287076271186441
EQUITY AFIA MEDICAL CENTRE- KAKAMEGA,169913.0,43,27,45,3951.4651162790697,0.5411016949152543
EQUITY AFIA MEDICAL CENTRE- KASARANI,49574.0,12,8,13,4131.166666666667,0.42139830508474574
EQUITY AFIA MEDICAL CENTRE- KAWANGWARE,7679.0,2,2,2,3839.5,0.2149364406779661
EQUITY AFIA MEDICAL CENTRE- KIAMBU,13235.0,5,5,5,2647.0,0.23919491525423728
EQUITY AFIA MEDICAL CENTRE- KIKUYU,54247.0,21,13,21,2583.190476190476,0.38008474576271184
EQUITY AFIA MEDICAL CENTRE- KISUMU,38864.25,7,6,7,5552.035714285715,0.4253177966101695
EQUITY AFIA MEDICAL CENTRE- KITENGELA,167578.0,56,24,64,2992.464285714286,0.4996822033898305
EQUITY AFIA MEDICAL CENTRE- LODWAR,45507.0,14,10,14,3250.5,0.39078389830508475
EQUITY AFIA MEDICAL CENTRE- MARSABIT,69710.0,24,16,24,2904.5833333333335,0.43135593220338986
EQUITY AFIA MEDICAL CENTRE- MERU,28723.0,7,5,7,4103.285714285715,0.3541313559322034
EQUITY AFIA MEDICAL CENTRE- NAIVASHA,20102.0,9,2,9,2233.5555555555557,0.20635593220338982
EQUITY AFIA MEDICAL CENTRE- NAKURU,14190.0,4,4,5,3547.5,0.2919491525423729
EQUITY AFIA MEDICAL CENTRE- NGONG,73220.0,22,13,24,3328.181818181818,0.4455508474576271
EQUITY AFIA MEDICAL CENTRE- NYERI,108683.0,17,11,17,6393.117647058823,0.5565677966101695
EQUITY AFIA MEDICAL CENTRE- ONGATA RONGAI,159265.0,38,20,38,4191.184210526316,0.5395127118644067
EQUITY AFIA MEDICAL CENTRE- RUIRU,78992.0,27,17,29,2925.6296296296296,0.44322033898305085
EQUITY AFIA MEDICAL CENTRE- SYOKIMAU,16245.0,9,5,9,1805.0,0.24088983050847457
EQUITY AFIA MEDICAL CENTRE- WANGIGE,14349.0,6,5,6,2391.5,0.2327330508474576
EQUITY AFIA MEDICAL CENTRE-UMOJA,42875.0,14,10,14,3062.5,0.3823093220338982
EQUITY AFYA MEDICAL CENTRE - DANDORA,36223.0,8,4,9,4527.875,0.38262711864406784
EQUITY AFYA MEDICAL CENTRE - ELDAMA RAVINE,15154.0,6,3,6,2525.6666666666665,0.2159957627118644
EQUITY AFYA MEDICAL CENTRE - KILIFI,26386.0,5,3,5,5277.2,0.36122881355932207
EQUITY AFYA MEDICAL CENTRE - LUCKY SUMMER,5747.0,2,2,2,2873.5,0.15773305084745762
EQUITY AFYA MEDICAL CENTRE - MAVOKO,2624.0,1,1,1,2624.0,0.07701271186440678
EQUITY AFYA MEDICAL CENTRE - MOLO,29915.0,4,3,5,7478.75,0.4300847457627119
EQUITY AFYA MEDICAL CENTRE - MOMBASA CBD,14462.0,4,2,4,3615.5,0.2461864406779661
EQUITY AFYA MEDICAL CENTRE - MWEA,8055.0,2,2,2,4027.5,0.22447033898305085
EQUITY AFYA MEDICAL CENTRE - THINDIGUA,5571.0,2,1,2,2785.5,0.12510593220338984
EQUITY AFYA MEDICAL CENTRE - UMOJA 3,2112.0,1,1,1,2112.0,0.05476694915254237
EQUITY AFYA MEDICAL CENTRE- RUNYENJES,30089.0,10,6,10,3008.9,0.3295550847457627
EQUTY AFIA MEDICAL CENTRE - SAIKA,4859.0,1,1,1,4859.0,0.21260593220338983
EVANS SUNRISE MEDICAL CENTRE,37340.0,6,6,6,6223.333333333333,0.4426906779661017
EXCEL HEALTH SERVICE,1967126.35,171,101,171,11503.662865497077,0.8565677966101695
FAYYA NURSING HOME,297530.0,32,17,32,9297.8125,0.703707627118644
GAICHANJIRU CATHOLIC HOSPITAL,71805.0,17,9,18,4223.823529411765,0.45900423728813566
GALAXY HOSPITAL ISIOLO - ARCHERS POST,1800.0,1,1,1,1800.0,0.042055084745762715
GALAXY HOSPITAL- ISIOLO,267696.75,23,11,23,11638.989130434782,0.7173728813559321
GUARDIAN HOSPITAL - KANGETA,120427.0,20,8,20,6021.35,0.5311440677966103
HEALTHPACT HOSPITAL,127489.0,31,19,31,4112.548387096775,0.5240466101694915
ISIOLO REGIONAL HOSPITAL,2691799.5,429,182,447,6274.590909090909,0.7292372881355933
JOCHAM HOSPITAL,993838.18,76,41,135,13076.818157894737,0.8641949152542373
JORDAN HOSPITAL KITUI,631193.5,49,27,49,12881.5,0.8149364406779661
KAPLONG MISSON HOSPITAL,1416208.49,82,33,82,17270.83524390244,0.8822033898305085
KAREN HOSPITAL - CARDINAL OTUNGA CLINIC,158784.0,19,8,19,8357.052631578947,0.6039194915254238
KAREN HOSPITAL - KARATINA CLINIC,3875.0,2,2,2,1937.5,0.10264830508474576
KAREN HOSPITAL - MERU CLINIC,485484.0,84,24,90,5779.571428571428,0.6447033898305085
KAREN HOSPITAL - NYERI CLINIC,141540.0,10,4,10,14154.0,0.6448093220338983
KAREN HOSPITAL - ONGATA RONGAI,27042.0,4,4,4,6760.5,0.4161016949152542
KAREN HOSPITAL - THIKA CLINIC,447923.0,62,27,65,7224.564516129032,0.6883474576271187
KAREN HOSPITAL NAKURU - TOWER 1,448812.1,44,26,44,10200.275,0.7591101694915254
KENDU ADVENTIST HOSPITAL,48010.0,4,3,4,12002.5,0.5351694915254237
KENYATTA NATIONAL HOSPITAL,2965593.0,36,15,39,82377.58333333333,0.8694915254237289
KENYATTA UNIVERSITY TEACHING REFERRAL AND RESEARCH HOSPITAL,1400587.83,51,23,59,27462.506470588236,0.8782838983050847
KILOME MATERNITY ANDNURSING HOME,97515.0,8,6,8,12189.375,0.6185381355932204
KIMININI COTTAGE MISSION HOSPITAL,917365.0,146,62,148,6283.321917808219,0.7059322033898305
KISUMU SPECIALIST HOSPITAL,4543977.75,98,42,118,46367.119897959186,0.9348516949152543
LANET REGIONAL HOSPITAL,5940971.1671,1044,416,1085,5690.585409099617,0.711228813559322
LIBERTY CANCER AND WELLNESS CENTRE,7480.0,1,1,1,7480.0,0.29947033898305087
LIONS EYE HOSPITAL - MPSHAH,12390.0,2,2,2,6195.0,0.31980932203389834
LIONS FIRST SIGHT HOSPITAL,32786.0,9,6,10,3642.8888888888887,0.36557203389830506
LIONS FIRSTSIGHT HOSPITAL - VILLAGE MARKET,6000.0,4,2,4,1500.0,0.13707627118644067
LIONS SIGHT FIRST EYE - SOUTHFIELD MALL BRANCH,19447.5,4,3,6,4861.875,0.35582627118644067
LIONS SIGHTFIRST EYE HOSPITAL,3746042.46,215,83,233,17423.453302325583,0.9228813559322034
LIONS SIGHTFIRST EYE HOSPITAL- NYERI,22840.0,9,6,9,2537.777777777778,0.28135593220338984
LODWAR MEDICAL CENTER,72140.0,30,19,30,2404.6666666666665,0.4096398305084746
LODWAR TUMAINI MEDICAL SERVICES,55610.0,21,11,21,2648.095238095238,0.37881355932203387
MABATI MEDICAL CENTRE,32985.0,14,10,14,2356.0714285714284,0.32616525423728815
MAKINDU MEDICAL CENTRE LTD,203090.0,14,5,14,14506.42857142857,0.6859110169491525
MATATA NURSING HOME,3765.0,1,1,1,3765.0,0.15646186440677967
MATER HOSPITAL,7324946.58,293,93,542,24999.817679180887,0.9489406779661017
MATER HOSPITAL - BURUBURU CLINIC,4688.0,1,1,3,4688.0,0.25540254237288135
MATER HOSPITAL - DEVELOPMENT HOUSE CLINIC,1957.0,1,1,1,1957.0,0.04629237288135593
MATER HOSPITAL - KASARANI CLINIC,76507.85,11,6,21,6955.259090909091,0.5521186440677966
MATER HOSPITAL - THIKA CLINIC,72810.91,5,2,8,14562.182,0.5996822033898305
MATER HOSPITAL - WESTLANDS CLINIC,9060.74,4,1,6,2265.185,0.15286016949152542
MAUA METHODIST HOSPITAL,2328.75,1,1,1,2328.75,0.05794491525423729
MEDICATIA HOSPITAL - NAROK NORTH,6720.0,2,2,2,3360.0,0.1905720338983051
MEDINA HOSPITAL,1955486.75,189,105,193,10346.49074074074,0.8381355932203389
MEDINA MEDICARE HOSPITAL LIMITED - HOLA,6350.0,1,1,1,6350.0,0.2708686440677966
MEGALIFE HOSPITAL LTD,70987.25,9,7,9,7887.472222222223,0.5283898305084747
MEPHI HEALTH SERVICES,1087617.5,103,41,104,10559.393203883496,0.8146186440677967
MEPHI HEALTH SERVICES - HINDI,126550.0,12,6,12,10545.833333333334,0.6230932203389831
MERCY MISSION HOSPITAL,91560.0,37,21,37,2474.5945945945946,0.4272245762711865
METROPOLITAN HOSPITAL,1507721.92,194,81,413,7771.7624742268035,0.7637711864406779
MITUNGUU HOSPITAL,11036.25,3,3,4,3678.75,0.26927966101694917
MOI REFERRAL  PRIVATE WING,3275638.39,112,70,116,29246.771339285715,0.9332627118644068
MONALIFE PHARMACEUTICAL LTD,12129109.7,422,315,428,28741.966113744074,0.9650423728813559
MONALIFE PHARMACY LIMITED - MAKADARA,2309097.9,117,87,118,19735.879487179485,0.9145127118644067
MOTHER ANGELA HURUMA HOSPITAL,1285433.3,283,123,289,4542.167137809188,0.6514830508474576
MOYALE DOCTORS PLAZA,249720.0,33,18,33,7567.272727272727,0.6521186440677966
MP SHAH HOSPITAL,135000.0,1,1,1,135000.0,0.5272245762711864
MUTHALE MISSION HOSPITAL HQ,51461.75,8,6,8,6432.71875,0.4734110169491525
MUTHALE MISSION SATELLITE,33664.5,12,8,12,2805.375,0.3358050847457627
MUTOMO MISSION HOSPITAL,36880.0,9,7,11,4097.777777777777,0.39862288135593216
MWINGI SPECIALIST HOSPITAL,884466.25,80,35,81,11055.828125,0.8114406779661016
NAIROBI REGIONAL HOSPITAL - KAHAWA BARRACKS,9551681.01,769,358,789,12420.911586475942,0.8913135593220339
NAIROBI WEST HOSPITAL - RUIRU,104505.9,14,6,14,7464.707142857143,0.5346398305084746
NAIROBI WOMENS HOSPITAL - ADAMS ARCADE,308564.66,24,6,28,12856.860833333332,0.7143008474576271
NAIROBI WOMENS HOSPITAL - HURLINGHAM,103431.82,16,11,17,6464.48875,0.5597457627118644
NAIROBI WOMENS HOSPITAL - KITENGELA,474269.9,36,24,37,13174.16388888889,0.8045550847457628
NAIROBI WOMENS HOSPITAL - NAKURU,256986.33000000002,19,14,19,13525.596315789475,0.745656779661017
NAIROBI WOMENS HOSPITAL - NAKURU CBD,333791.08999999997,24,18,24,13907.962083333332,0.7807203389830508
NAIROBI WOMENS HOSPITAL-MOMBASA BRANCH,33891.53,7,4,7,4841.647142857143,0.37828389830508474
NAMO HOSPITAL - EQUITY STREET LODWAR,191332.25,23,17,23,8318.79347826087,0.6536016949152541
NANYUKI COTTAGE HOSPITAL,4485644.0,271,115,281,16552.191881918818,0.923728813559322
NANYUKI COTTAGE HOSPITAL - TOWN,142582.0,17,15,19,8387.176470588236,0.6414194915254238
NORTHERN SPECIALISTS HOSPITAL,278200.0,3,1,3,92733.33333333333,0.5784957627118644
NYANGENA HOSPITAL,1288034.5,72,44,72,17889.368055555555,0.886864406779661
OASIS MENTAL HEALTH LTD,287637.5,11,5,11,26148.863636363636,0.7054025423728814
OMEGA OPTICIANS -  EMPEROR PLAZA,32250.0,2,2,2,16125.0,0.5284957627118644
OMEGA OPTICIANS - 20TH CENTURY,85837.5,9,8,9,9537.5,0.5841101694915255
OMEGA OPTICIANS - AGRO HOUSE,33750.0,3,3,3,11250.0,0.5049788135593221
OMEGA OPTICIANS - AMBALAL,75675.0,8,8,8,9459.375,0.5738347457627119
OMEGA OPTICIANS - COUNTRY MALL,24075.0,3,2,3,8025.0,0.40031779661016953
OMEGA OPTICIANS - ELDORET,180112.5,16,16,21,11257.03125,0.7228813559322034
OMEGA OPTICIANS - HURLINGHAM,76951.0,8,7,8,9618.875,0.5721398305084746
OMEGA OPTICIANS - KAREN SQUARE,20625.0,2,2,2,10312.5,0.44692796610169494
OMEGA OPTICIANS - KIAMBU,13875.0,1,1,1,13875.0,0.44671610169491527
OMEGA OPTICIANS - KISII,23552.0,2,2,6,11776.0,0.5382415254237288
OMEGA OPTICIANS - KITENGELA,17700.0,1,1,1,17700.0,0.4784957627118644
OMEGA OPTICIANS - MERU,24825.0,2,2,2,12412.5,0.48294491525423733
OMEGA OPTICIANS - NAKURU,114150.0,10,10,10,11415.0,0.6518008474576271
OMEGA OPTICIANS - NAKURU MERICA,42150.0,4,4,4,10537.5,0.5283898305084745
OMEGA OPTICIANS - RONALD NGALA STREET,10650.0,1,1,1,10650.0,0.40010593220338986
OMEGA OPTICIANS - ROYSAMBU,18300.0,3,3,3,6100.0,0.35773305084745766
OMEGA OPTICIANS - WARIS MALL,7650.0,1,1,1,7650.0,0.3047669491525424
OMEGA OPTICIANS - WESTLANDS,10725.0,3,3,3,3575.0,0.24650423728813559
OMEGA OPTICIANS LIMITED - RONGAI,37012.5,4,4,4,9253.125,0.4902542372881356
OMEGA OPTICIANS LTD - KISUMU JUBILEE HSE,51675.0,4,4,4,12918.75,0.5675847457627118
OMEGA OPTICIANS LTD-KAREN,80250.0,7,7,8,11464.285714285714,0.6145127118644068
OMEGA OPTICIANS YUNIS - MOMBASA,72862.5,8,8,8,9107.8125,0.5643008474576271
OMEGA OPTICIANS-TOM MBOYA BRANCH,16200.0,2,2,3,8100.0,0.40243644067796613
OPTICA LIMITED - BUNGOMA,42997.5,5,5,5,8599.5,0.5019067796610169
OPTICA LIMITED - BUSINESS BAY,20887.5,2,2,2,10443.75,0.45116525423728815
OPTICA LIMITED - CAPITAL CENTER,13837.5,1,1,1,13837.5,0.44565677966101697
OPTICA LIMITED - CORNER HOUSE,42612.5,5,5,5,8522.5,0.4976694915254237
OPTICA LIMITED - DIANI,24542.5,2,2,2,12271.25,0.47976694915254237
OPTICA LIMITED - DONHOLM,8280.0,2,2,2,4140.0,0.2350635593220339
OPTICA LIMITED - ELDORET,17137.5,3,2,4,5712.5,0.3425847457627119
OPTICA LIMITED - EMBAKASI,52837.5,6,6,6,8806.25,0.5231991525423729
OPTICA LIMITED - EMBU,19800.0,2,2,2,9900.0,0.4342161016949153
OPTICA LIMITED - GATEWAY MALL,17137.5,2,2,2,8568.75,0.39925847457627117
OPTICA LIMITED - HIGHLANDS MALL,16762.0,2,2,2,8381.0,0.3918432203389831
OPTICA LIMITED - IMARA DAIMA,15000.0,1,1,1,15000.0,0.46472457627118646
OPTICA LIMITED - KAKAMEGA,38400.0,3,3,3,12800.0,0.5304025423728813
OPTICA LIMITED - KAMAKIS,9937.5,1,1,1,9937.5,0.37891949152542376
OPTICA LIMITED - KAREN,31687.5,4,4,4,7921.875,0.4510593220338983
OPTICA LIMITED - KISUMU,74325.0,9,9,9,8258.333333333334,0.5552966101694915
OPTICA LIMITED - KITALE,15000.0,1,1,1,15000.0,0.46472457627118646
OPTICA LIMITED - LIKONI,25500.0,2,2,2,12750.0,0.4861228813559322
OPTICA LIMITED - MAIYAN MALL,12412.5,2,2,2,6206.25,0.3208686440677966
OPTICA LIMITED - MALINDI,5287.5,1,1,1,5287.5,0.23061440677966102
OPTICA LIMITED - MARIKITI,15000.0,1,1,1,15000.0,0.46472457627118646
OPTICA LIMITED - MOI AVENUE,129855.0,13,13,13,9988.846153846154,0.6531779661016949
OPTICA LIMITED - MOMBASA,166324.0,14,14,14,11880.285714285714,0.6984110169491525
OPTICA LIMITED - NAKUMATT JUNCTION,36374.5,4,4,4,9093.625,0.48495762711864404
OPTICA LIMITED - NAKURU,137213.0,14,14,14,9800.92857142857,0.6570974576271187
OPTICA LIMITED - NANYUKI MALL,17500.0,1,1,1,17500.0,0.4774364406779661
OPTICA LIMITED - NAROK,11662.5,2,2,2,5831.25,0.3070974576271186
OPTICA LIMITED - NEXTGEN MALL,45638.0,4,4,4,11409.5,0.5411016949152542
OPTICA LIMITED - NYALI,5850.0,1,1,1,5850.0,0.2518008474576271
OPTICA LIMITED - NYERI,21000.0,2,2,2,10500.0,0.4522245762711864
OPTICA LIMITED - ONE STOP ARCADE,7500.0,1,1,1,7500.0,0.30052966101694917
OPTICA LIMITED - OPTICA HOUSE,108515.25,12,12,12,9042.9375,0.610593220338983
OPTICA LIMITED - RUAI,21180.5,3,3,3,7060.166666666667,0.3905720338983051
OPTICA LIMITED - RUBIS NGONG,15750.0,2,2,2,7875.0,0.3717161016949153
OPTICA LIMITED - Signature Mall,29362.5,3,3,5,9787.5,0.5058262711864406
OPTICA LIMITED - T SQUARE,11812.5,2,2,2,5906.25,0.3113347457627118
OPTICA LIMITED - T-MALL,57421.5,7,7,7,8203.07142857143,0.5198093220338983
OPTICA LIMITED - THE NORD RUIRU,27863.0,4,4,4,6965.75,0.42139830508474574
OPTICA LIMITED - THIKA,16335.0,2,2,2,8167.5,0.38125
OPTICA LIMITED - TUFF FOAM MALL KISUMU,15000.0,1,1,1,15000.0,0.46472457627118646
OPTICA LIMITED - TWO RIVERS,5887.5,1,1,1,5887.5,0.2528601694915254
OPTICA LIMITED - VILLAGE MARKET,8551.0,2,1,3,4275.5,0.2416313559322034
OPTICA LIMITED - WATERFRONT,9975.0,1,1,1,9975.0,0.38103813559322036
OPTICA LIMITED - WESTLANDS SQUARE,14062.0,1,1,1,14062.0,0.4498940677966102
OPTICA LIMITED- KMALL,14450.0,1,1,1,14450.0,0.4551906779661017
OPTICA LIMITED- NANYUKI,5962.5,1,1,1,5962.5,0.254978813559322
OPTICA LIMITED- RONGAI,13312.5,1,1,1,13312.5,0.44247881355932206
OPTICA LIMITED- THIKA ROAD MALL,20512.5,2,2,2,10256.25,0.44375
OPTICA LTD - THIKA BAZAAR,14325.0,2,2,2,7162.5,0.35052966101694916
OPTICA MACHAKOS,5362.5,1,1,1,5362.5,0.23273305084745763
OPTICAL LIMITED - GREENWOOD,40455.0,4,4,4,10113.75,0.5156779661016949
ORBIT HEALTHCARE SERVICES KENYA LIMITED - NAIROBI WAIYAKI WAY,3087973.25,109,32,228,28330.02981651376,0.9332627118644068
OUR LADY OF LOUDRES MWEA HOSPITAL,1032504.0,124,50,141,8326.645161290322,0.7595338983050848
OUR LADY OF LOURDES MWEA HOSPITAL SATELITE CLINIC- EMBU,163538.0,48,27,48,3407.0416666666665,0.5191737288135593
OUTSPAN HOSPITAL - EMBU,436026.9,103,51,105,4233.270873786408,0.6086864406779662
OUTSPAN HOSPITAL NYERI,3772275.75,189,81,194,19959.130952380954,0.9277542372881357
PANDYA HOSPITAL,7367232.5,261,109,450,28226.944444444445,0.9584745762711865
PCEA MISSION TUMU TUMU HOSPITAL,364891.0,38,18,39,9602.394736842105,0.723093220338983
POPE BENEDICT XVI HOSPITAL NYAHURURU,1226059.5,135,59,140,9081.922222222222,0.7841101694915253
PREMIER HOSPITAL- NYALI,2009830.3149,93,31,102,21611.07865483871,0.8995762711864407
RAMATA NURSING HOME LTD,105455.0,4,3,4,26363.75,0.6114406779661017
RAPHA AND MATERNITY NURSING HOME,104267.5,5,2,5,20853.5,0.5976694915254238
REALE HOSPITAL - KAPSABET,92666.4,23,13,26,4028.973913043478,0.48845338983050846
REALE HOSPITAL -ELDORET,4157895.5,65,32,71,63967.623076923075,0.9197033898305084
REALE HOSPITAL CLINIC - KITALE,109026.0,23,18,25,4740.260869565217,0.5402542372881356
REALE HOSPITAL UTAWALA,12283.0,5,5,5,2456.6,0.22542372881355932
REALE MEDICAL CENTRE-KABARNET,33641.0,9,8,9,3737.8888888888887,0.3754237288135593
RELIANCE HOSPITAL- SOUTH C,1135912.0,43,21,44,26416.558139534885,0.8614406779661017
REYSANE MEDICAL CENTER - WAJIR,72795.0,17,14,17,4282.058823529412,0.48368644067796607
ROYAL MEDICAL CLINIC-KISII,150903.75,19,8,19,7942.3026315789475,0.5901483050847458
ROYALSTAR FAMILY HOSPITAL - WOTE,234620.0,25,13,25,9384.8,0.6807203389830508
RUAI FAMILY HEALTH -TALA,16859.25,4,3,4,4214.8125,0.30000000000000004
RUAI FAMILY HEALTH-EMBAKASI,5118.0,1,1,1,5118.0,0.21790254237288137
RUAI FAMILY HEALTHCARE - KOMAROCK,15490.5,3,3,3,5163.5,0.31853813559322036
RUAI FAMILY HOSPITAL,15576.0,3,2,3,5192.0,0.3028601694915254
RUAI FAMILY HOSPITAL - SYOKIMAU,4964.5,2,1,2,2482.25,0.10074152542372881
RUAI FAMILY HOSPITAL-SPECIALIST ANNEX,51840.75,10,7,10,5184.075,0.44205508474576266
SABATIA EYE HOSPITAL,449444.0,31,14,33,14498.193548387097,0.7925847457627119
SABATIA EYE HOSPITAL- ELDORET CLINIC,180800.0,22,11,24,8218.181818181818,0.6338983050847458
SABATIA EYE HOSPITAL- KISUMU CLINIC,61900.0,7,4,8,8842.857142857143,0.5238347457627118
SAMBURU DOCTORS PLAZA,33704.0,10,6,10,3370.4,0.3496822033898305
SAMJOMEN HOSPITAL LIMITED,108270.0,17,11,17,6368.823529411765,0.5544491525423729
SAVANNAH ROYAL HOSPITAL,185707.5,30,18,30,6190.25,0.6041313559322034
SHAMAAL HOSPITAL - MANDERA,20900.0,4,2,4,5225.0,0.32563559322033897
SIHA MEDICAL HOME MPEKETONI,56365.0,14,8,15,4026.0714285714284,0.4228813559322034
SILOAM HOSPITAL,455021.8385,44,18,47,10341.405420454546,0.753707627118644
SILOAM HOSPITAL - BOMET,32874.32,10,8,10,3287.432,0.35476694915254237
SILOAM HOSPITAL LTD - LITEIN,2989.42,1,1,1,2989.42,0.11197033898305085
ST DAMIANO MEDICAL CENTER,1700874.0,215,90,217,7911.041860465116,0.7639830508474577
ST JOSEPH SHELTER OF HOPE OUTREACH CLINIC,55990.0,11,9,11,5090.0,0.4594279661016949
ST MARYS HOSPITAL MUMIAS,56360.22,20,9,21,2818.011,0.3843220338983051
ST. CAMILLUS MISSION HOSPITAL - SORI,396700.0,11,7,11,36063.63636363636,0.7376059322033899
ST. ELIZABETH MUKUMU,120455.0,26,19,27,4632.884615384615,0.5421610169491525
ST. FRANCIS COMMUNITY HOSPITAL,5634083.0,377,151,432,14944.51724137931,0.9205508474576272
ST. JOSEPH CENTRE OF HOPE VOI,1244108.0,61,32,63,20395.213114754097,0.8816737288135593
ST. JOSEPH MISSION DISPENSARY,163820.0,24,15,24,6825.833333333333,0.6103813559322034
ST. JOSEPHS MISSION HOSPITAL,915791.0,96,43,98,9539.489583333334,0.7805084745762711
ST. LUKES ORTHOPEDIC AND TRAUMA HOSPITAL,14563644.36,407,163,426,35782.909975429975,0.9684322033898305
ST. MARY  S MISSION HOSPITAL - ELEMENTAITA,1133717.93,117,52,125,9689.896837606837,0.7979872881355932
ST. MARY MEDICAL CENTER,352895.0,40,25,40,8822.375,0.7161016949152542
ST. MARY S MISSION HOSPITAL- LANGATA,943187.0,87,44,99,10841.229885057472,0.8190677966101695
ST. MARYS MISSION HOSPITAL - NAKURU,34640.0,10,9,10,3464.0,0.37680084745762715
ST. MATIA MULUMBA MISSION HOSPITAL - THIKA,3257555.0,255,126,324,12774.725490196079,0.8853813559322034
ST. MONICA HOSPITAL,13466.0,4,4,4,3366.5,0.2667372881355932
ST. THERESAS MISSION HOSPITAL KIIRUA,1561867.0,110,57,132,14198.790909090909,0.8823093220338983
STARKEY HEARING TECHNOLOGIES LTD,747255.0,8,8,9,93406.875,0.7461864406779661
SYNERGY CLINICS LIMITED,2740052.25,87,41,91,31494.853448275862,0.9192796610169491
TANAKA NURSING HOME,120187.5,19,9,19,6325.6578947368425,0.5486228813559322
TAWFIQ HOSPITAL,454650.0,31,12,31,14666.129032258064,0.7844279661016949
TENWEK HOSPITAL ANNEX,181180.0,28,18,30,6470.714285714285,0.6210805084745763
TENWEK MISSION HOSPITAL BOMET,1485159.0,150,80,164,9901.06,0.8186440677966101
TEXAS CANCER CENTRE,2625.0,1,1,1,2625.0,0.0780720338983051
THE HOPKINS CRESCENT HOSPITALS LIMITED,187570.5,22,13,23,8525.931818181818,0.6508474576271187
THE KAREN HOSPITAL,13177328.5,256,84,284,51473.939453125,0.9654661016949153
THE NAIROBI HOSPITAL,17359115.13,330,106,401,52603.37918181818,0.9722457627118644
THE NAIROBI HOSPITAL OUTPATIENT CENTER  SOUTHFIELDS,97884.63,15,10,17,6525.642000000001,0.5584745762711865
THE NAIROBI HOSPITAL OUTPATIENT CENTER - CAPITAL CENTRE,669877.9,55,25,69,12179.598181818183,0.8109110169491526
THE NAIROBI HOSPITAL OUTPATIENT CENTER - GALLERIA,1445943.3801,145,52,183,9972.023311034482,0.8169491525423729
THE NAIROBI HOSPITAL OUTPATIENT CENTER - GIGIRI,846274.49,65,17,72,13019.607538461538,0.8152542372881355
THE NAIROBI HOSPITAL OUTPATIENT CENTER - KIAMBU,40552.0,6,3,7,6758.666666666667,0.43485169491525427
THE NAIROBI HOSPITAL OUTPATIENT CENTER - ROSSLYN RIVIERA,14037.8,1,1,2,14037.8,0.47997881355932204
THE NAIROBI SOUTH HOSPITAL-SOUTH C,11451809.3798,125,63,127,91614.47503839999,0.9552966101694915
THE NAIROBI WEST HOSPITAL LTD,18791284.53,727,224,1169,25847.70911966988,0.9580508474576273
THE NAIROBI WEST HOSPITAL UTAWALA BRANCH LTD,6498.53,2,2,2,3249.265,0.18209745762711865
THE NAIROBI WOMEN HOSPITAL-NAIVASHA,531139.4199999999,25,10,25,21245.576799999995,0.7936440677966101
THE NAIROBI WOMENS HOSPITAL- MERU,645277.07,50,16,59,12905.541399999998,0.8009533898305085
THE NAKURU SPECIALIST HOSPITAL,885811.25,46,25,46,19256.766304347828,0.8554025423728814
THE NANYUKI HOSPITAL LIMITED,1241876.5,121,56,122,10263.44214876033,0.8137711864406779
THE PINE HOSPITAL LTD,57835.0,12,5,13,4819.583333333333,0.4319915254237288
THE TALA HOSPITAL LIMITED,368340.0,63,29,69,5846.666666666667,0.6473516949152542
THE VETERAN MISSION HOSPITAL,58371.0,14,9,15,4169.357142857143,0.4438559322033898
TIONYCARE HOSPITAL,608043.5,72,31,73,8445.048611111111,0.7396186440677966
UNISON MEDICAL CENTRE,238178.75,19,10,20,12535.723684210527,0.7158898305084745
